﻿<?xml version="1.0" encoding="utf-8"?>
<!--DO NOT EDIT. This document is generated by PSoC Creator design builds.-->
<PSoCCreatorIdeExport Version="1">
  <Device Part="CY8C5888AXI-LP096" Processor="CortexM3" DeviceID="2E160069" />
  <Toolchains>
    <Toolchain Name="ARM GCC Generic" Selected="True">
      <Tool Name="prebuild" Command="" Options="" />
      <Tool Name="assembler" Command="arm-none-eabi-as.exe" Options="-mcpu=cortex-m3 -mthumb -I. -IGenerated_Source\PSoC5 -alh=${OutputDir}/${CompileFile}.lst -g" />
      <Tool Name="compiler" Command="arm-none-eabi-gcc.exe" Options="-mcpu=cortex-m3 -mthumb -I. -IGenerated_Source\PSoC5 -Wa,-alh=${OutputDir}/${CompileFile}.lst -g -Wall -ffunction-sections -ffat-lto-objects -O0" />
      <Tool Name="linker" Command="arm-none-eabi-gcc.exe" Options="-mcpu=cortex-m3 -mthumb -l m -L Generated_Source\PSoC5 -Wl,-Map,${OutputDir}/${ProjectShortName}.map -T Generated_Source\PSoC5\cm3gcc.ld -specs=nano.specs -Wl,--gc-sections -u_printf_float -g -ffunction-sections -O0 -ffat-lto-objects" />
      <Tool Name="postbuild" Command="" Options="" />
    </Toolchain>
    <Toolchain Name="ARM MDK Generic" Selected="False">
      <Tool Name="prebuild" Command="" Options="" />
      <Tool Name="assembler" Command="armasm.exe" Options="--cpu=Cortex-M3 --diag_style=gnu --thumb -i. -iGenerated_Source\PSoC5 -g --list=${OutputDir}/${CompileFile}.lst &quot;--predefine=__MICROLIB SETA 1&quot;" />
      <Tool Name="compiler" Command="armcc.exe" Options="--cpu=Cortex-M3 --C99 --diag_style=gnu -I. -IGenerated_Source\PSoC5 --list --signed_chars -g -D DEBUG -O0 --split_sections -D__MICROLIB" />
      <Tool Name="linker" Command="armlink.exe" Options="--cpu=Cortex-M3 --diag_style=gnu --no_startup --library_type=microlib --map --list ${OutputDir}/${ProjectShortName}.map --scatter Generated_Source\PSoC5\Cm3RealView.scat" />
      <Tool Name="postbuild" Command="" Options="" />
    </Toolchain>
    <Toolchain Name="ARM IAR Generic" Selected="False">
      <Tool Name="prebuild" Command="" Options="" />
      <Tool Name="assembler" Command="iasmarm.exe" Options="--cpu Cortex-M3 -I. -IGenerated_Source\PSoC5 -s+ -M&lt;&gt; -w+ -r -DDEBUG --fpu None" />
      <Tool Name="compiler" Command="iccarm.exe" Options="--cpu Cortex-M3 -I. -IGenerated_Source\PSoC5 -D DEBUG -D CY_CORE_ID=0 -I. -IGenerated_Source\PSoC5 -D DEBUG --no_cse --no_unroll --no_inline --no_code_motion --no_tbaa --no_clustering --no_scheduling --debug --endian=little -e --fpu=None -On --no_wrap_diagnostics" />
      <Tool Name="linker" Command="ilinkarm.exe" Options="--semihosting --entry __iar_program_start --config Generated_Source\PSoC5\Cm3Iar.icf" />
      <Tool Name="postbuild" Command="" Options="" />
    </Toolchain>
  </Toolchains>
  <Project Name="CE210514_PSOC3_5_Thermistor" Path="C:\Users\JeffSnyder\dev\Electrosteel_embedded\PSOC5_electrosteel_stringsensors_newpcb_brain\CE210514_PSOC3_5_Thermistor.cydsn" Version="6.10" Type="Normal">
    <CMSIS_SVD_File>CE210514_PSOC3_5_Thermistor.svd</CMSIS_SVD_File>
    <Datasheet />
    <LinkerFiles>
      <LinkerFile Toolchain="ARM GCC Generic">.\Generated_Source\PSoC5\cm3gcc.ld</LinkerFile>
      <LinkerFile Toolchain="ARM MDK Generic">.\Generated_Source\PSoC5\Cm3RealView.scat</LinkerFile>
      <LinkerFile Toolchain="ARM IAR Generic">.\Generated_Source\PSoC5\Cm3Iar.icf</LinkerFile>
    </LinkerFiles>
    <Folders>
      <Folder BuildType="STRICT" Path="C:\Users\JeffSnyder\dev\Electrosteel_embedded\PSOC5_electrosteel_stringsensors_newpcb_brain\CE210514_PSOC3_5_Thermistor.cydsn">
        <Files Root="C:\Users\JeffSnyder\dev\Electrosteel_embedded\PSOC5_electrosteel_stringsensors_newpcb_brain\CE210514_PSOC3_5_Thermistor.cydsn">
          <File BuildType="BUILD" Toolchain="">main.c</File>
          <File BuildType="BUILD" Toolchain="">measurement.c</File>
          <File BuildType="BUILD" Toolchain="">removeOffsetNoise.c</File>
          <File BuildType="BUILD" Toolchain="">gfx.c</File>
          <File BuildType="BUILD" Toolchain="">gfx_font.c</File>
          <File BuildType="BUILD" Toolchain="">oled.c</File>
          <File BuildType="BUILD" Toolchain="">ssd1306.c</File>
          <File BuildType="BUILD" Toolchain="">ui.c</File>
          <File BuildType="BUILD" Toolchain="">device.h</File>
          <File BuildType="BUILD" Toolchain="">measurement.h</File>
          <File BuildType="BUILD" Toolchain="">removeOffsetNoise.h</File>
          <File BuildType="BUILD" Toolchain="">custom_fonts.h</File>
          <File BuildType="BUILD" Toolchain="">gfx.h</File>
          <File BuildType="BUILD" Toolchain="">gfx_font.h</File>
          <File BuildType="BUILD" Toolchain="">oled.h</File>
          <File BuildType="BUILD" Toolchain="">ssd1306.h</File>
          <File BuildType="BUILD" Toolchain="">main.h</File>
          <File BuildType="BUILD" Toolchain="">ui.h</File>
        </Files>
      </Folder>
      <Folder BuildType="STRICT" Path="C:\Users\JeffSnyder\dev\Electrosteel_embedded\PSOC5_electrosteel_stringsensors_newpcb_brain\CE210514_PSOC3_5_Thermistor.cydsn\Generated_Source\PSoC5">
        <Files Root="C:\Users\JeffSnyder\dev\Electrosteel_embedded\PSOC5_electrosteel_stringsensors_newpcb_brain\CE210514_PSOC3_5_Thermistor.cydsn">
          <File BuildType="BUILD" Toolchain="">Generated_Source\PSoC5\cyfitter_cfg.h</File>
          <File BuildType="BUILD" Toolchain="">Generated_Source\PSoC5\cyfitter_cfg.c</File>
          <File BuildType="BUILD" Toolchain="">Generated_Source\PSoC5\cymetadata.c</File>
          <File BuildType="BUILD" Toolchain="">Generated_Source\PSoC5\cydevice.h</File>
          <File BuildType="BUILD" Toolchain="">Generated_Source\PSoC5\cydevicegnu.inc</File>
          <File BuildType="BUILD" Toolchain="">Generated_Source\PSoC5\cydevicerv.inc</File>
          <File BuildType="BUILD" Toolchain="">Generated_Source\PSoC5\cydeviceiar.inc</File>
          <File BuildType="BUILD" Toolchain="">Generated_Source\PSoC5\cydevice_trm.h</File>
          <File BuildType="BUILD" Toolchain="">Generated_Source\PSoC5\cydevicegnu_trm.inc</File>
          <File BuildType="BUILD" Toolchain="">Generated_Source\PSoC5\cydevicerv_trm.inc</File>
          <File BuildType="BUILD" Toolchain="">Generated_Source\PSoC5\cydeviceiar_trm.inc</File>
          <File BuildType="BUILD" Toolchain="">Generated_Source\PSoC5\cyfittergnu.inc</File>
          <File BuildType="BUILD" Toolchain="">Generated_Source\PSoC5\cyfitterrv.inc</File>
          <File BuildType="BUILD" Toolchain="">Generated_Source\PSoC5\cyfitteriar.inc</File>
          <File BuildType="BUILD" Toolchain="">Generated_Source\PSoC5\cyfitter.h</File>
          <File BuildType="BUILD" Toolchain="">Generated_Source\PSoC5\cydisabledsheets.h</File>
          <File BuildType="BUILD" Toolchain="">Generated_Source\PSoC5\cy_em_eeprom.c</File>
          <File BuildType="BUILD" Toolchain="">Generated_Source\PSoC5\cy_em_eeprom.h</File>
          <File BuildType="BUILD" Toolchain="ARM GCC Generic">Generated_Source\PSoC5\cm3gcc.ld</File>
          <File BuildType="BUILD" Toolchain="ARM MDK Generic">Generated_Source\PSoC5\Cm3RealView.scat</File>
          <File BuildType="BUILD" Toolchain="">Generated_Source\PSoC5\Cm3Start.c</File>
          <File BuildType="BUILD" Toolchain="">Generated_Source\PSoC5\core_cm3.h</File>
          <File BuildType="BUILD" Toolchain="">Generated_Source\PSoC5\core_cm3_psoc5.h</File>
          <File BuildType="BUILD" Toolchain="ARM GCC Generic">Generated_Source\PSoC5\CyBootAsmGnu.s</File>
          <File BuildType="BUILD" Toolchain="ARM MDK Generic">Generated_Source\PSoC5\CyBootAsmRv.s</File>
          <File BuildType="BUILD" Toolchain="">Generated_Source\PSoC5\CyDmac.c</File>
          <File BuildType="BUILD" Toolchain="">Generated_Source\PSoC5\CyDmac.h</File>
          <File BuildType="BUILD" Toolchain="">Generated_Source\PSoC5\CyFlash.c</File>
          <File BuildType="BUILD" Toolchain="">Generated_Source\PSoC5\CyFlash.h</File>
          <File BuildType="BUILD" Toolchain="">Generated_Source\PSoC5\CyLib.c</File>
          <File BuildType="BUILD" Toolchain="">Generated_Source\PSoC5\CyLib.h</File>
          <File BuildType="BUILD" Toolchain="">Generated_Source\PSoC5\cypins.h</File>
          <File BuildType="BUILD" Toolchain="">Generated_Source\PSoC5\cyPm.c</File>
          <File BuildType="BUILD" Toolchain="">Generated_Source\PSoC5\cyPm.h</File>
          <File BuildType="BUILD" Toolchain="">Generated_Source\PSoC5\CySpc.c</File>
          <File BuildType="BUILD" Toolchain="">Generated_Source\PSoC5\CySpc.h</File>
          <File BuildType="BUILD" Toolchain="">Generated_Source\PSoC5\cytypes.h</File>
          <File BuildType="BUILD" Toolchain="">Generated_Source\PSoC5\cyutils.c</File>
          <File BuildType="BUILD" Toolchain="">Generated_Source\PSoC5\core_cmFunc.h</File>
          <File BuildType="BUILD" Toolchain="">Generated_Source\PSoC5\core_cmInstr.h</File>
          <File BuildType="BUILD" Toolchain="ARM IAR Generic">Generated_Source\PSoC5\Cm3Iar.icf</File>
          <File BuildType="BUILD" Toolchain="ARM IAR Generic">Generated_Source\PSoC5\CyBootAsmIar.s</File>
          <File BuildType="BUILD" Toolchain="">Generated_Source\PSoC5\cmsis_armcc.h</File>
          <File BuildType="BUILD" Toolchain="">Generated_Source\PSoC5\cmsis_gcc.h</File>
          <File BuildType="BUILD" Toolchain="">Generated_Source\PSoC5\cmsis_compiler.h</File>
          <File BuildType="BUILD" Toolchain="">Generated_Source\PSoC5\project.h</File>
          <File BuildType="BUILD" Toolchain="">Generated_Source\PSoC5\cycodeshareimport.ld</File>
          <File BuildType="BUILD" Toolchain="">Generated_Source\PSoC5\cycodeshareexport.ld</File>
          <File BuildType="BUILD" Toolchain="">Generated_Source\PSoC5\cycodeshareimport.scat</File>
          <File BuildType="BUILD" Toolchain="">Generated_Source\PSoC5\MISO_1_aliases.h</File>
          <File BuildType="BUILD" Toolchain="">Generated_Source\PSoC5\MISO_1.c</File>
          <File BuildType="BUILD" Toolchain="">Generated_Source\PSoC5\MISO_1.h</File>
          <File BuildType="BUILD" Toolchain="">Generated_Source\PSoC5\MOSI_1_aliases.h</File>
          <File BuildType="BUILD" Toolchain="">Generated_Source\PSoC5\MOSI_1.c</File>
          <File BuildType="BUILD" Toolchain="">Generated_Source\PSoC5\MOSI_1.h</File>
          <File BuildType="BUILD" Toolchain="">Generated_Source\PSoC5\SCLK_1_aliases.h</File>
          <File BuildType="BUILD" Toolchain="">Generated_Source\PSoC5\SCLK_1.c</File>
          <File BuildType="BUILD" Toolchain="">Generated_Source\PSoC5\SCLK_1.h</File>
          <File BuildType="BUILD" Toolchain="">Generated_Source\PSoC5\MOSI_2_aliases.h</File>
          <File BuildType="BUILD" Toolchain="">Generated_Source\PSoC5\MOSI_2.c</File>
          <File BuildType="BUILD" Toolchain="">Generated_Source\PSoC5\MOSI_2.h</File>
          <File BuildType="BUILD" Toolchain="">Generated_Source\PSoC5\MISO_2_aliases.h</File>
          <File BuildType="BUILD" Toolchain="">Generated_Source\PSoC5\MISO_2.c</File>
          <File BuildType="BUILD" Toolchain="">Generated_Source\PSoC5\MISO_2.h</File>
          <File BuildType="BUILD" Toolchain="">Generated_Source\PSoC5\SPIM_1.c</File>
          <File BuildType="BUILD" Toolchain="">Generated_Source\PSoC5\SPIM_1.h</File>
          <File BuildType="BUILD" Toolchain="">Generated_Source\PSoC5\SPIM_1_PM.c</File>
          <File BuildType="BUILD" Toolchain="">Generated_Source\PSoC5\SPIM_1_INT.c</File>
          <File BuildType="BUILD" Toolchain="">Generated_Source\PSoC5\SPIM_1_PVT.h</File>
          <File BuildType="BUILD" Toolchain="">Generated_Source\PSoC5\SCLK_2_aliases.h</File>
          <File BuildType="BUILD" Toolchain="">Generated_Source\PSoC5\SCLK_2.c</File>
          <File BuildType="BUILD" Toolchain="">Generated_Source\PSoC5\SCLK_2.h</File>
          <File BuildType="BUILD" Toolchain="">Generated_Source\PSoC5\SPIM_1_IntClock.c</File>
          <File BuildType="BUILD" Toolchain="">Generated_Source\PSoC5\SPIM_1_IntClock.h</File>
          <File BuildType="BUILD" Toolchain="">Generated_Source\PSoC5\SS_1_aliases.h</File>
          <File BuildType="BUILD" Toolchain="">Generated_Source\PSoC5\SS_1.c</File>
          <File BuildType="BUILD" Toolchain="">Generated_Source\PSoC5\SS_1.h</File>
          <File BuildType="BUILD" Toolchain="">Generated_Source\PSoC5\SS_2_aliases.h</File>
          <File BuildType="BUILD" Toolchain="">Generated_Source\PSoC5\SS_2.c</File>
          <File BuildType="BUILD" Toolchain="">Generated_Source\PSoC5\SS_2.h</File>
          <File BuildType="BUILD" Toolchain="">Generated_Source\PSoC5\I2C_1.c</File>
          <File BuildType="BUILD" Toolchain="">Generated_Source\PSoC5\I2C_1.h</File>
          <File BuildType="BUILD" Toolchain="">Generated_Source\PSoC5\I2C_1_BOOT.c</File>
          <File BuildType="BUILD" Toolchain="">Generated_Source\PSoC5\I2C_1_INT.c</File>
          <File BuildType="BUILD" Toolchain="">Generated_Source\PSoC5\I2C_1_PM.c</File>
          <File BuildType="BUILD" Toolchain="">Generated_Source\PSoC5\I2C_1_SLAVE.c</File>
          <File BuildType="BUILD" Toolchain="">Generated_Source\PSoC5\I2C_1_MASTER.c</File>
          <File BuildType="BUILD" Toolchain="">Generated_Source\PSoC5\I2C_1_PVT.h</File>
          <File BuildType="BUILD" Toolchain="">Generated_Source\PSoC5\SCL_1_aliases.h</File>
          <File BuildType="BUILD" Toolchain="">Generated_Source\PSoC5\SCL_1.c</File>
          <File BuildType="BUILD" Toolchain="">Generated_Source\PSoC5\SCL_1.h</File>
          <File BuildType="BUILD" Toolchain="">Generated_Source\PSoC5\SDA_1_aliases.h</File>
          <File BuildType="BUILD" Toolchain="">Generated_Source\PSoC5\SDA_1.c</File>
          <File BuildType="BUILD" Toolchain="">Generated_Source\PSoC5\SDA_1.h</File>
          <File BuildType="BUILD" Toolchain="">Generated_Source\PSoC5\oct1_aliases.h</File>
          <File BuildType="BUILD" Toolchain="">Generated_Source\PSoC5\oct1.c</File>
          <File BuildType="BUILD" Toolchain="">Generated_Source\PSoC5\oct1.h</File>
          <File BuildType="BUILD" Toolchain="">Generated_Source\PSoC5\oct2_aliases.h</File>
          <File BuildType="BUILD" Toolchain="">Generated_Source\PSoC5\oct2.c</File>
          <File BuildType="BUILD" Toolchain="">Generated_Source\PSoC5\oct2.h</File>
          <File BuildType="BUILD" Toolchain="">Generated_Source\PSoC5\oct3_aliases.h</File>
          <File BuildType="BUILD" Toolchain="">Generated_Source\PSoC5\oct3.c</File>
          <File BuildType="BUILD" Toolchain="">Generated_Source\PSoC5\oct3.h</File>
          <File BuildType="BUILD" Toolchain="">Generated_Source\PSoC5\oct4_aliases.h</File>
          <File BuildType="BUILD" Toolchain="">Generated_Source\PSoC5\oct4.c</File>
          <File BuildType="BUILD" Toolchain="">Generated_Source\PSoC5\oct4.h</File>
          <File BuildType="BUILD" Toolchain="">Generated_Source\PSoC5\ADC_SAR_Seq_1.c</File>
          <File BuildType="BUILD" Toolchain="">Generated_Source\PSoC5\ADC_SAR_Seq_1.h</File>
          <File BuildType="BUILD" Toolchain="">Generated_Source\PSoC5\ADC_SAR_Seq_1_PM.c</File>
          <File BuildType="BUILD" Toolchain="">Generated_Source\PSoC5\ADC_SAR_Seq_1_INT.c</File>
          <File BuildType="BUILD" Toolchain="">Generated_Source\PSoC5\ADC_SAR_Seq_1_SAR.c</File>
          <File BuildType="BUILD" Toolchain="">Generated_Source\PSoC5\ADC_SAR_Seq_1_SAR.h</File>
          <File BuildType="BUILD" Toolchain="">Generated_Source\PSoC5\ADC_SAR_Seq_1_SAR_INT.c</File>
          <File BuildType="BUILD" Toolchain="">Generated_Source\PSoC5\ADC_SAR_Seq_1_SAR_PM.c</File>
          <File BuildType="BUILD" Toolchain="">Generated_Source\PSoC5\ADC_SAR_Seq_1_IntClock.c</File>
          <File BuildType="BUILD" Toolchain="">Generated_Source\PSoC5\ADC_SAR_Seq_1_IntClock.h</File>
          <File BuildType="BUILD" Toolchain="">Generated_Source\PSoC5\ADC_SAR_Seq_1_TempBuf_dma.c</File>
          <File BuildType="BUILD" Toolchain="">Generated_Source\PSoC5\ADC_SAR_Seq_1_TempBuf_dma.h</File>
          <File BuildType="BUILD" Toolchain="">Generated_Source\PSoC5\ADC_SAR_Seq_1_FinalBuf_dma.c</File>
          <File BuildType="BUILD" Toolchain="">Generated_Source\PSoC5\ADC_SAR_Seq_1_FinalBuf_dma.h</File>
          <File BuildType="BUILD" Toolchain="">Generated_Source\PSoC5\ADC_SAR_Seq_1_IRQ.c</File>
          <File BuildType="BUILD" Toolchain="">Generated_Source\PSoC5\ADC_SAR_Seq_1_IRQ.h</File>
          <File BuildType="BUILD" Toolchain="">Generated_Source\PSoC5\ADC_SAR_Seq_1_SAR_Bypass_aliases.h</File>
          <File BuildType="BUILD" Toolchain="">Generated_Source\PSoC5\ADC_SAR_Seq_1_SAR_Bypass.c</File>
          <File BuildType="BUILD" Toolchain="">Generated_Source\PSoC5\ADC_SAR_Seq_1_SAR_Bypass.h</File>
          <File BuildType="BUILD" Toolchain="">Generated_Source\PSoC5\joy_y_aliases.h</File>
          <File BuildType="BUILD" Toolchain="">Generated_Source\PSoC5\joy_y.c</File>
          <File BuildType="BUILD" Toolchain="">Generated_Source\PSoC5\joy_y.h</File>
          <File BuildType="BUILD" Toolchain="">Generated_Source\PSoC5\joy_x_aliases.h</File>
          <File BuildType="BUILD" Toolchain="">Generated_Source\PSoC5\joy_x.c</File>
          <File BuildType="BUILD" Toolchain="">Generated_Source\PSoC5\joy_x.h</File>
          <File BuildType="BUILD" Toolchain="">Generated_Source\PSoC5\Clock_1.c</File>
          <File BuildType="BUILD" Toolchain="">Generated_Source\PSoC5\Clock_1.h</File>
          <File BuildType="BUILD" Toolchain="">Generated_Source\PSoC5\Status_Reg_1.c</File>
          <File BuildType="BUILD" Toolchain="">Generated_Source\PSoC5\Status_Reg_1.h</File>
          <File BuildType="BUILD" Toolchain="">Generated_Source\PSoC5\Clock_2.c</File>
          <File BuildType="BUILD" Toolchain="">Generated_Source\PSoC5\Clock_2.h</File>
          <File BuildType="BUILD" Toolchain="">Generated_Source\PSoC5\SPIS_1.c</File>
          <File BuildType="BUILD" Toolchain="">Generated_Source\PSoC5\SPIS_1.h</File>
          <File BuildType="BUILD" Toolchain="">Generated_Source\PSoC5\SPIS_1_PM.c</File>
          <File BuildType="BUILD" Toolchain="">Generated_Source\PSoC5\SPIS_1_INT.c</File>
          <File BuildType="BUILD" Toolchain="">Generated_Source\PSoC5\SPIS_1_BOOT.c</File>
          <File BuildType="BUILD" Toolchain="">Generated_Source\PSoC5\SPIS_1_PVT.h</File>
          <File BuildType="BUILD" Toolchain="">Generated_Source\PSoC5\SPIS_1_IntClock.c</File>
          <File BuildType="BUILD" Toolchain="">Generated_Source\PSoC5\SPIS_1_IntClock.h</File>
          <File BuildType="BUILD" Toolchain="">Generated_Source\PSoC5\knob2_aliases.h</File>
          <File BuildType="BUILD" Toolchain="">Generated_Source\PSoC5\knob2.c</File>
          <File BuildType="BUILD" Toolchain="">Generated_Source\PSoC5\knob2.h</File>
          <File BuildType="BUILD" Toolchain="">Generated_Source\PSoC5\knob1_aliases.h</File>
          <File BuildType="BUILD" Toolchain="">Generated_Source\PSoC5\knob1.c</File>
          <File BuildType="BUILD" Toolchain="">Generated_Source\PSoC5\knob1.h</File>
          <File BuildType="BUILD" Toolchain="">Generated_Source\PSoC5\SPIS_2.c</File>
          <File BuildType="BUILD" Toolchain="">Generated_Source\PSoC5\SPIS_2.h</File>
          <File BuildType="BUILD" Toolchain="">Generated_Source\PSoC5\SPIS_2_PM.c</File>
          <File BuildType="BUILD" Toolchain="">Generated_Source\PSoC5\SPIS_2_INT.c</File>
          <File BuildType="BUILD" Toolchain="">Generated_Source\PSoC5\SPIS_2_BOOT.c</File>
          <File BuildType="BUILD" Toolchain="">Generated_Source\PSoC5\SPIS_2_PVT.h</File>
          <File BuildType="BUILD" Toolchain="">Generated_Source\PSoC5\SPIS_2_IntClock.c</File>
          <File BuildType="BUILD" Toolchain="">Generated_Source\PSoC5\SPIS_2_IntClock.h</File>
          <File BuildType="BUILD" Toolchain="">Generated_Source\PSoC5\MISO_3_aliases.h</File>
          <File BuildType="BUILD" Toolchain="">Generated_Source\PSoC5\MISO_3.c</File>
          <File BuildType="BUILD" Toolchain="">Generated_Source\PSoC5\MISO_3.h</File>
          <File BuildType="BUILD" Toolchain="">Generated_Source\PSoC5\SS_3_aliases.h</File>
          <File BuildType="BUILD" Toolchain="">Generated_Source\PSoC5\SS_3.c</File>
          <File BuildType="BUILD" Toolchain="">Generated_Source\PSoC5\SS_3.h</File>
          <File BuildType="BUILD" Toolchain="">Generated_Source\PSoC5\SCLK_3_aliases.h</File>
          <File BuildType="BUILD" Toolchain="">Generated_Source\PSoC5\SCLK_3.c</File>
          <File BuildType="BUILD" Toolchain="">Generated_Source\PSoC5\SCLK_3.h</File>
          <File BuildType="BUILD" Toolchain="">Generated_Source\PSoC5\MOSI_3_aliases.h</File>
          <File BuildType="BUILD" Toolchain="">Generated_Source\PSoC5\MOSI_3.c</File>
          <File BuildType="BUILD" Toolchain="">Generated_Source\PSoC5\MOSI_3.h</File>
          <File BuildType="BUILD" Toolchain="">Generated_Source\PSoC5\my_Vbus_ISR.c</File>
          <File BuildType="BUILD" Toolchain="">Generated_Source\PSoC5\my_Vbus_ISR.h</File>
          <File BuildType="BUILD" Toolchain="">Generated_Source\PSoC5\USB.c</File>
          <File BuildType="BUILD" Toolchain="">Generated_Source\PSoC5\USB.h</File>
          <File BuildType="BUILD" Toolchain="">Generated_Source\PSoC5\USB_audio.c</File>
          <File BuildType="BUILD" Toolchain="">Generated_Source\PSoC5\USB_audio.h</File>
          <File BuildType="BUILD" Toolchain="">Generated_Source\PSoC5\USB_boot.c</File>
          <File BuildType="BUILD" Toolchain="">Generated_Source\PSoC5\USB_cdc.c</File>
          <File BuildType="BUILD" Toolchain="">Generated_Source\PSoC5\USB_cdc.h</File>
          <File BuildType="BUILD" Toolchain="">Generated_Source\PSoC5\USB_cls.c</File>
          <File BuildType="BUILD" Toolchain="">Generated_Source\PSoC5\USB_descr.c</File>
          <File BuildType="BUILD" Toolchain="">Generated_Source\PSoC5\USB_drv.c</File>
          <File BuildType="BUILD" Toolchain="">Generated_Source\PSoC5\USB_episr.c</File>
          <File BuildType="BUILD" Toolchain="">Generated_Source\PSoC5\USB_hid.c</File>
          <File BuildType="BUILD" Toolchain="">Generated_Source\PSoC5\USB_hid.h</File>
          <File BuildType="BUILD" Toolchain="">Generated_Source\PSoC5\USB_pm.c</File>
          <File BuildType="BUILD" Toolchain="">Generated_Source\PSoC5\USB_std.c</File>
          <File BuildType="BUILD" Toolchain="">Generated_Source\PSoC5\USB_vnd.c</File>
          <File BuildType="BUILD" Toolchain="">Generated_Source\PSoC5\USB_midi.c</File>
          <File BuildType="BUILD" Toolchain="">Generated_Source\PSoC5\USB_midi.h</File>
          <File BuildType="BUILD" Toolchain="">Generated_Source\PSoC5\USB_pvt.h</File>
          <File BuildType="BUILD" Toolchain="">Generated_Source\PSoC5\USB_cydmac.h</File>
          <File BuildType="BUILD" Toolchain="">Generated_Source\PSoC5\USB_msc.c</File>
          <File BuildType="BUILD" Toolchain="">Generated_Source\PSoC5\USB_msc.h</File>
          <File BuildType="BUILD" Toolchain="">Generated_Source\PSoC5\Em_EEPROM.c</File>
          <File BuildType="BUILD" Toolchain="">Generated_Source\PSoC5\Em_EEPROM.h</File>
          <File BuildType="BUILD" Toolchain="">Generated_Source\PSoC5\USB_Vbus_ps.c</File>
          <File BuildType="BUILD" Toolchain="">Generated_Source\PSoC5\USB_Vbus_ps.h</File>
          <File BuildType="BUILD" Toolchain="">Generated_Source\PSoC5\USB_Dm_aliases.h</File>
          <File BuildType="BUILD" Toolchain="">Generated_Source\PSoC5\USB_Dm.c</File>
          <File BuildType="BUILD" Toolchain="">Generated_Source\PSoC5\USB_Dm.h</File>
          <File BuildType="BUILD" Toolchain="">Generated_Source\PSoC5\USB_Dp_aliases.h</File>
          <File BuildType="BUILD" Toolchain="">Generated_Source\PSoC5\USB_Dp.c</File>
          <File BuildType="BUILD" Toolchain="">Generated_Source\PSoC5\USB_Dp.h</File>
          <File BuildType="BUILD" Toolchain="">Generated_Source\PSoC5\vBusPin_aliases.h</File>
          <File BuildType="BUILD" Toolchain="">Generated_Source\PSoC5\vBusPin.c</File>
          <File BuildType="BUILD" Toolchain="">Generated_Source\PSoC5\vBusPin.h</File>
          <File BuildType="BUILD" Toolchain="">Generated_Source\PSoC5\DMA_1_dma.c</File>
          <File BuildType="BUILD" Toolchain="">Generated_Source\PSoC5\DMA_1_dma.h</File>
          <File BuildType="BUILD" Toolchain="">Generated_Source\PSoC5\DMA_2_dma.c</File>
          <File BuildType="BUILD" Toolchain="">Generated_Source\PSoC5\DMA_2_dma.h</File>
          <File BuildType="BUILD" Toolchain="">Generated_Source\PSoC5\isr_SPI2_ss.c</File>
          <File BuildType="BUILD" Toolchain="">Generated_Source\PSoC5\isr_SPI2_ss.h</File>
          <File BuildType="BUILD" Toolchain="">Generated_Source\PSoC5\isr_SPI1_ss.c</File>
          <File BuildType="BUILD" Toolchain="">Generated_Source\PSoC5\isr_SPI1_ss.h</File>
          <File BuildType="BUILD" Toolchain="">Generated_Source\PSoC5\LED_TEST_aliases.h</File>
          <File BuildType="BUILD" Toolchain="">Generated_Source\PSoC5\LED_TEST.c</File>
          <File BuildType="BUILD" Toolchain="">Generated_Source\PSoC5\LED_TEST.h</File>
          <File BuildType="BUILD" Toolchain="">Generated_Source\PSoC5\LED_green1_aliases.h</File>
          <File BuildType="BUILD" Toolchain="">Generated_Source\PSoC5\LED_green1.c</File>
          <File BuildType="BUILD" Toolchain="">Generated_Source\PSoC5\LED_green1.h</File>
          <File BuildType="BUILD" Toolchain="">Generated_Source\PSoC5\LED_amber1_aliases.h</File>
          <File BuildType="BUILD" Toolchain="">Generated_Source\PSoC5\LED_amber1.c</File>
          <File BuildType="BUILD" Toolchain="">Generated_Source\PSoC5\LED_amber1.h</File>
          <File BuildType="BUILD" Toolchain="">Generated_Source\PSoC5\LED_amber2_aliases.h</File>
          <File BuildType="BUILD" Toolchain="">Generated_Source\PSoC5\LED_amber2.c</File>
          <File BuildType="BUILD" Toolchain="">Generated_Source\PSoC5\LED_amber2.h</File>
          <File BuildType="BUILD" Toolchain="">Generated_Source\PSoC5\LED_amber3_aliases.h</File>
          <File BuildType="BUILD" Toolchain="">Generated_Source\PSoC5\LED_amber3.c</File>
          <File BuildType="BUILD" Toolchain="">Generated_Source\PSoC5\LED_amber3.h</File>
          <File BuildType="BUILD" Toolchain="">Generated_Source\PSoC5\LED_amber4_aliases.h</File>
          <File BuildType="BUILD" Toolchain="">Generated_Source\PSoC5\LED_amber4.c</File>
          <File BuildType="BUILD" Toolchain="">Generated_Source\PSoC5\LED_amber4.h</File>
          <File BuildType="BUILD" Toolchain="">Generated_Source\PSoC5\LED_red1_aliases.h</File>
          <File BuildType="BUILD" Toolchain="">Generated_Source\PSoC5\LED_red1.c</File>
          <File BuildType="BUILD" Toolchain="">Generated_Source\PSoC5\LED_red1.h</File>
          <File BuildType="BUILD" Toolchain="">Generated_Source\PSoC5\LED_red2_aliases.h</File>
          <File BuildType="BUILD" Toolchain="">Generated_Source\PSoC5\LED_red2.c</File>
          <File BuildType="BUILD" Toolchain="">Generated_Source\PSoC5\LED_red2.h</File>
          <File BuildType="BUILD" Toolchain="">Generated_Source\PSoC5\LED_green2_aliases.h</File>
          <File BuildType="BUILD" Toolchain="">Generated_Source\PSoC5\LED_green2.c</File>
          <File BuildType="BUILD" Toolchain="">Generated_Source\PSoC5\LED_green2.h</File>
          <File BuildType="BUILD" Toolchain="">Generated_Source\PSoC5\button1_aliases.h</File>
          <File BuildType="BUILD" Toolchain="">Generated_Source\PSoC5\button1.c</File>
          <File BuildType="BUILD" Toolchain="">Generated_Source\PSoC5\button1.h</File>
          <File BuildType="BUILD" Toolchain="">Generated_Source\PSoC5\button2_aliases.h</File>
          <File BuildType="BUILD" Toolchain="">Generated_Source\PSoC5\button2.c</File>
          <File BuildType="BUILD" Toolchain="">Generated_Source\PSoC5\button2.h</File>
          <File BuildType="BUILD" Toolchain="">Generated_Source\PSoC5\button3_aliases.h</File>
          <File BuildType="BUILD" Toolchain="">Generated_Source\PSoC5\button3.c</File>
          <File BuildType="BUILD" Toolchain="">Generated_Source\PSoC5\button3.h</File>
          <File BuildType="BUILD" Toolchain="">Generated_Source\PSoC5\button4_aliases.h</File>
          <File BuildType="BUILD" Toolchain="">Generated_Source\PSoC5\button4.c</File>
          <File BuildType="BUILD" Toolchain="">Generated_Source\PSoC5\button4.h</File>
          <File BuildType="BUILD" Toolchain="">Generated_Source\PSoC5\encoder_button_aliases.h</File>
          <File BuildType="BUILD" Toolchain="">Generated_Source\PSoC5\encoder_button.c</File>
          <File BuildType="BUILD" Toolchain="">Generated_Source\PSoC5\encoder_button.h</File>
          <File BuildType="BUILD" Toolchain="">Generated_Source\PSoC5\neck1_button_aliases.h</File>
          <File BuildType="BUILD" Toolchain="">Generated_Source\PSoC5\neck1_button.c</File>
          <File BuildType="BUILD" Toolchain="">Generated_Source\PSoC5\neck1_button.h</File>
          <File BuildType="BUILD" Toolchain="">Generated_Source\PSoC5\neck2_button_aliases.h</File>
          <File BuildType="BUILD" Toolchain="">Generated_Source\PSoC5\neck2_button.c</File>
          <File BuildType="BUILD" Toolchain="">Generated_Source\PSoC5\neck2_button.h</File>
          <File BuildType="BUILD" Toolchain="">Generated_Source\PSoC5\edit_button_aliases.h</File>
          <File BuildType="BUILD" Toolchain="">Generated_Source\PSoC5\edit_button.c</File>
          <File BuildType="BUILD" Toolchain="">Generated_Source\PSoC5\edit_button.h</File>
          <File BuildType="BUILD" Toolchain="">Generated_Source\PSoC5\EEPROM.c</File>
          <File BuildType="BUILD" Toolchain="">Generated_Source\PSoC5\EEPROM.h</File>
          <File BuildType="BUILD" Toolchain="">Generated_Source\PSoC5\DMA_3_dma.c</File>
          <File BuildType="BUILD" Toolchain="">Generated_Source\PSoC5\DMA_3_dma.h</File>
          <File BuildType="BUILD" Toolchain="">Generated_Source\PSoC5\DMA_4_dma.c</File>
          <File BuildType="BUILD" Toolchain="">Generated_Source\PSoC5\DMA_4_dma.h</File>
          <File BuildType="BUILD" Toolchain="">Generated_Source\PSoC5\shift_button_aliases.h</File>
          <File BuildType="BUILD" Toolchain="">Generated_Source\PSoC5\shift_button.c</File>
          <File BuildType="BUILD" Toolchain="">Generated_Source\PSoC5\shift_button.h</File>
          <File BuildType="BUILD" Toolchain="">Generated_Source\PSoC5\Decoder_1.h</File>
          <File BuildType="BUILD" Toolchain="">Generated_Source\PSoC5\Decoder_1.c</File>
          <File BuildType="BUILD" Toolchain="">Generated_Source\PSoC5\Decoder_1_PINS2_aliases.h</File>
          <File BuildType="BUILD" Toolchain="">Generated_Source\PSoC5\Decoder_1_PINS2.c</File>
          <File BuildType="BUILD" Toolchain="">Generated_Source\PSoC5\Decoder_1_PINS2.h</File>
          <File BuildType="BUILD" Toolchain="">Generated_Source\PSoC5\Decoder_1_isrDtr.c</File>
          <File BuildType="BUILD" Toolchain="">Generated_Source\PSoC5\Decoder_1_isrDtr.h</File>
          <File BuildType="BUILD" Toolchain="">Generated_Source\PSoC5\knobPanelButton1_aliases.h</File>
          <File BuildType="BUILD" Toolchain="">Generated_Source\PSoC5\knobPanelButton1.c</File>
          <File BuildType="BUILD" Toolchain="">Generated_Source\PSoC5\knobPanelButton1.h</File>
          <File BuildType="BUILD" Toolchain="">Generated_Source\PSoC5\knobPanelButton2_aliases.h</File>
          <File BuildType="BUILD" Toolchain="">Generated_Source\PSoC5\knobPanelButton2.c</File>
          <File BuildType="BUILD" Toolchain="">Generated_Source\PSoC5\knobPanelButton2.h</File>
          <File BuildType="BUILD" Toolchain="">Generated_Source\PSoC5\knobPanelLight1_aliases.h</File>
          <File BuildType="BUILD" Toolchain="">Generated_Source\PSoC5\knobPanelLight1.c</File>
          <File BuildType="BUILD" Toolchain="">Generated_Source\PSoC5\knobPanelLight1.h</File>
          <File BuildType="BUILD" Toolchain="">Generated_Source\PSoC5\knobPanelLight2_aliases.h</File>
          <File BuildType="BUILD" Toolchain="">Generated_Source\PSoC5\knobPanelLight2.c</File>
          <File BuildType="BUILD" Toolchain="">Generated_Source\PSoC5\knobPanelLight2.h</File>
        </Files>
      </Folder>
      <Folder BuildType="STRICT" Path="C:\Users\JeffSnyder\dev\Electrosteel_embedded\PSOC5_electrosteel_stringsensors_newpcb_brain\CE210514_PSOC3_5_Thermistor.cydsn\Export\ARM_GCC_Generic">
        <Files Root="C:\Users\JeffSnyder\dev\Electrosteel_embedded\PSOC5_electrosteel_stringsensors_newpcb_brain\CE210514_PSOC3_5_Thermistor.cydsn">
          <File BuildType="BUILD" Toolchain="ARM GCC Generic">.\Export\ARM_GCC_Generic\CyComponentLibrary.a</File>
        </Files>
      </Folder>
      <Folder BuildType="STRICT" Path="C:\Users\JeffSnyder\dev\Electrosteel_embedded\PSOC5_electrosteel_stringsensors_newpcb_brain\CE210514_PSOC3_5_Thermistor.cydsn\Export\ARM_MDK_Generic">
        <Files Root="C:\Users\JeffSnyder\dev\Electrosteel_embedded\PSOC5_electrosteel_stringsensors_newpcb_brain\CE210514_PSOC3_5_Thermistor.cydsn">
          <File BuildType="BUILD" Toolchain="ARM MDK Generic">.\Export\ARM_MDK_Generic\CyComponentLibrary.a</File>
        </Files>
      </Folder>
      <Folder BuildType="STRICT" Path="C:\Users\JeffSnyder\dev\Electrosteel_embedded\PSOC5_electrosteel_stringsensors_newpcb_brain\CE210514_PSOC3_5_Thermistor.cydsn\Export\ARM_IAR_Generic">
        <Files Root="C:\Users\JeffSnyder\dev\Electrosteel_embedded\PSOC5_electrosteel_stringsensors_newpcb_brain\CE210514_PSOC3_5_Thermistor.cydsn">
          <File BuildType="BUILD" Toolchain="ARM IAR Generic">.\Export\ARM_IAR_Generic\CyComponentLibrary.a</File>
        </Files>
      </Folder>
      <Folder BuildType="EXCLUDE" Path=".\codegentemp">
        <Files Root="C:\Users\JeffSnyder\dev\Electrosteel_embedded\PSOC5_electrosteel_stringsensors_newpcb_brain\CE210514_PSOC3_5_Thermistor.cydsn" />
      </Folder>
      <Folder BuildType="EXCLUDE" Path=".\ARM_GCC_441">
        <Files Root="C:\Users\JeffSnyder\dev\Electrosteel_embedded\PSOC5_electrosteel_stringsensors_newpcb_brain\CE210514_PSOC3_5_Thermistor.cydsn" />
      </Folder>
      <Folder BuildType="EXCLUDE" Path=".\ARM_GCC_473">
        <Files Root="C:\Users\JeffSnyder\dev\Electrosteel_embedded\PSOC5_electrosteel_stringsensors_newpcb_brain\CE210514_PSOC3_5_Thermistor.cydsn" />
      </Folder>
      <Folder BuildType="EXCLUDE" Path=".\DP8051_Keil_952">
        <Files Root="C:\Users\JeffSnyder\dev\Electrosteel_embedded\PSOC5_electrosteel_stringsensors_newpcb_brain\CE210514_PSOC3_5_Thermistor.cydsn" />
      </Folder>
      <Folder BuildType="EXCLUDE" Path=".\DP8051">
        <Files Root="C:\Users\JeffSnyder\dev\Electrosteel_embedded\PSOC5_electrosteel_stringsensors_newpcb_brain\CE210514_PSOC3_5_Thermistor.cydsn" />
      </Folder>
      <Folder BuildType="EXCLUDE" Path=".\CortexM0">
        <Files Root="C:\Users\JeffSnyder\dev\Electrosteel_embedded\PSOC5_electrosteel_stringsensors_newpcb_brain\CE210514_PSOC3_5_Thermistor.cydsn" />
      </Folder>
      <Folder BuildType="EXCLUDE" Path=".\CortexM0p">
        <Files Root="C:\Users\JeffSnyder\dev\Electrosteel_embedded\PSOC5_electrosteel_stringsensors_newpcb_brain\CE210514_PSOC3_5_Thermistor.cydsn" />
      </Folder>
      <Folder BuildType="EXCLUDE" Path=".\CortexM3">
        <Files Root="C:\Users\JeffSnyder\dev\Electrosteel_embedded\PSOC5_electrosteel_stringsensors_newpcb_brain\CE210514_PSOC3_5_Thermistor.cydsn" />
      </Folder>
      <Folder BuildType="EXCLUDE" Path=".\CortexM4">
        <Files Root="C:\Users\JeffSnyder\dev\Electrosteel_embedded\PSOC5_electrosteel_stringsensors_newpcb_brain\CE210514_PSOC3_5_Thermistor.cydsn" />
      </Folder>
      <Folder BuildType="EXCLUDE" Path=".\CortexM7">
        <Files Root="C:\Users\JeffSnyder\dev\Electrosteel_embedded\PSOC5_electrosteel_stringsensors_newpcb_brain\CE210514_PSOC3_5_Thermistor.cydsn" />
      </Folder>
      <Folder BuildType="EXCLUDE" Path="C:\Users\JeffSnyder\dev\Electrosteel_embedded\PSOC5_electrosteel_stringsensors_newpcb_brain\CE210514_PSOC3_5_Thermistor.cydsn\QuadDecoder_SW_v0_2\API">
        <Files Root="C:\Users\JeffSnyder\dev\Electrosteel_embedded\PSOC5_electrosteel_stringsensors_newpcb_brain\CE210514_PSOC3_5_Thermistor.cydsn">
          <File BuildType="EXCLUDE" Toolchain="">QuadDecoder_SW_v0_2\API\QuadDecoder_SW.h</File>
          <File BuildType="EXCLUDE" Toolchain="">QuadDecoder_SW_v0_2\API\QuadDecoder_SW.c</File>
        </Files>
      </Folder>
    </Folders>
  </Project>
</PSoCCreatorIdeExport>